[{"model": "menu.condiment", "pk": 10, "fields": {"name": "Ketchup", "vegan": true, "vegetarian": true, "glutenfree": true}}, {"model": "menu.condiment", "pk": 11, "fields": {"name": "Mustard", "vegan": true, "vegetarian": true, "glutenfree": true}}, {"model": "menu.condiment", "pk": 12, "fields": {"name": "Mayo", "vegan": false, "vegetarian": true, "glutenfree": true}}, {"model": "menu.condiment", "pk": 13, "fields": {"name": "Vegan Mayo", "vegan": true, "vegetarian": true, "glutenfree": true}}, {"model": "menu.condiment", "pk": 14, "fields": {"name": "BBQ Sauce", "vegan": true, "vegetarian": true, "glutenfree": true}}, {"model": "menu.condiment", "pk": 15, "fields": {"name": "Salsa", "vegan": true, "vegetarian": true, "glutenfree": true}}, {"model": "menu.condiment", "pk": 16, "fields": {"name": "Ranch Dressing", "vegan": false, "vegetarian": false, "glutenfree": false}}, {"model": "menu.condiment", "pk": 17, "fields": {"name": "Ranch Dressing - Gluten Free", "vegan": false, "vegetarian": false, "glutenfree": true}}, {"model": "menu.condiment", "pk": 18, "fields": {"name": "Sriracha", "vegan": true, "vegetarian": true, "glutenfree": true}}, {"model": "menu.condiment", "pk": 19, "fields": {"name": "Grape Jelly", "vegan": true, "vegetarian": true, "glutenfree": true}}, {"model": "menu.condiment", "pk": 20, "fields": {"name": "Red Chile Sauce", "vegan": false, "vegetarian": false, "glutenfree": false}}, {"model": "menu.topping", "pk": 22, "fields": {"name": "Pickles", "vegan": true, "vegetarian": true, "glutenfree": true}}, {"model": "menu.topping", "pk": 23, "fields": {"name": "Onions", "vegan": true, "vegetarian": true, "glutenfree": true}}, {"model": "menu.topping", "pk": 24, "fields": {"name": "Fried Onion Rings", "vegan": true, "vegetarian": true, "glutenfree": false}}, {"model": "menu.topping", "pk": 25, "fields": {"name": "Jalapenos", "vegan": true, "vegetarian": true, "glutenfree": true}}, {"model": "menu.topping", "pk": 26, "fields": {"name": "Avocado", "vegan": true, "vegetarian": true, "glutenfree": true}}, {"model": "menu.topping", "pk": 27, "fields": {"name": "Fritos", "vegan": true, "vegetarian": true, "glutenfree": true}}, {"model": "menu.topping", "pk": 28, "fields": {"name": "Beef & Bean Chili", "vegan": false, "vegetarian": false, "glutenfree": true}}, {"model": "menu.topping", "pk": 29, "fields": {"name": "Veggie Bean Chili", "vegan": true, "vegetarian": true, "glutenfree": true}}, {"model": "menu.topping", "pk": 30, "fields": {"name": "Cheddar Cheese", "vegan": false, "vegetarian": true, "glutenfree": true}}, {"model": "menu.topping", "pk": 31, "fields": {"name": "Tomatoes", "vegan": true, "vegetarian": true, "glutenfree": true}}, {"model": "menu.topping", "pk": 32, "fields": {"name": "Sour Cream", "vegan": false, "vegetarian": true, "glutenfree": true}}, {"model": "menu.topping", "pk": 33, "fields": {"name": "Bacon", "vegan": false, "vegetarian": false, "glutenfree": true}}, {"model": "menu.topping", "pk": 34, "fields": {"name": "Relish", "vegan": true, "vegetarian": true, "glutenfree": true}}, {"model": "menu.topping", "pk": 35, "fields": {"name": "Bleu Cheese Crumbles", "vegan": false, "vegetarian": true, "glutenfree": true}}, {"model": "menu.topping", "pk": 36, "fields": {"name": "Pineapple", "vegan": true, "vegetarian": true, "glutenfree": true}}, {"model": "menu.topping", "pk": 37, "fields": {"name": "Coconut", "vegan": true, "vegetarian": true, "glutenfree": true}}, {"model": "menu.topping", "pk": 38, "fields": {"name": "Pinto Beans", "vegan": true, "vegetarian": true, "glutenfree": true}}, {"model": "menu.topping", "pk": 39, "fields": {"name": "Sauerkraut", "vegan": true, "vegetarian": true, "glutenfree": true}}, {"model": "menu.topping", "pk": 40, "fields": {"name": "Fried Egg", "vegan": false, "vegetarian": true, "glutenfree": true}}, {"model": "menu.topping", "pk": 41, "fields": {"name": "Popcorn", "vegan": true, "vegetarian": true, "glutenfree": true}}, {"model": "menu.topping", "pk": 42, "fields": {"name": "Froot Loops", "vegan": false, "vegetarian": false, "glutenfree": false}}, {"model": "menu.topping", "pk": 43, "fields": {"name": "Sport Peppers", "vegan": false, "vegetarian": false, "glutenfree": false}}, {"model": "menu.topping", "pk": 44, "fields": {"name": "Chopped Green Chile", "vegan": false, "vegetarian": false, "glutenfree": false}}, {"model": "menu.topping", "pk": 45, "fields": {"name": "Spinach", "vegan": false, "vegetarian": false, "glutenfree": false}}, {"model": "menu.topping", "pk": 46, "fields": {"name": "Red Wine Pickled Onions", "vegan": false, "vegetarian": false, "glutenfree": false}}, {"model": "menu.topping", "pk": 47, "fields": {"name": "Black Olives", "vegan": false, "vegetarian": false, "glutenfree": false}}, {"model": "menu.topping", "pk": 48, "fields": {"name": "Pickled Cactus", "vegan": false, "vegetarian": false, "glutenfree": false}}, {"model": "menu.topping", "pk": 49, "fields": {"name": "SpaghettiOs", "vegan": false, "vegetarian": false, "glutenfree": false}}, {"model": "menu.bun", "pk": 7, "fields": {"name": "Traditional", "vegan": true, "vegetarian": true, "glutenfree": false}}, {"model": "menu.bun", "pk": 8, "fields": {"name": "Poppy Seed", "vegan": true, "vegetarian": true, "glutenfree": false}}, {"model": "menu.bun", "pk": 9, "fields": {"name": "Garlic", "vegan": true, "vegetarian": true, "glutenfree": false}}, {"model": "menu.bun", "pk": 10, "fields": {"name": "Cheddar", "vegan": false, "vegetarian": true, "glutenfree": false}}, {"model": "menu.bun", "pk": 11, "fields": {"name": "Gluten-Free", "vegan": true, "vegetarian": true, "glutenfree": true}}, {"model": "menu.bun", "pk": 12, "fields": {"name": "Corndog", "vegan": true, "vegetarian": true, "glutenfree": false}}, {"model": "menu.hotdog", "pk": 6, "fields": {"name": "Beyond Dog", "vegan": true, "vegetarian": true, "glutenfree": true, "length_cm": 15.24}}, {"model": "menu.hotdog", "pk": 7, "fields": {"name": "Footlong", "vegan": false, "vegetarian": false, "glutenfree": true, "length_cm": 30.48}}, {"model": "menu.hotdog", "pk": 8, "fields": {"name": "Bratwurst", "vegan": false, "vegetarian": false, "glutenfree": true, "length_cm": 20.0}}, {"model": "menu.hotdog", "pk": 9, "fields": {"name": "Turkey", "vegan": false, "vegetarian": false, "glutenfree": true, "length_cm": 15.24}}, {"model": "menu.hotdog", "pk": 10, "fields": {"name": "All Beef", "vegan": false, "vegetarian": false, "glutenfree": true, "length_cm": 20.0}}, {"model": "menu.setmenu", "pk": 1, "fields": {"name": "Frito Dog", "hotdog": 10, "bun": 11, "price_us": "6.40", "condiments": [], "toppings": [28, 30, 27, 23, 32, 31]}}, {"model": "menu.setmenu", "pk": 2, "fields": {"name": "Frito Dog (Gluten Free)", "hotdog": 10, "bun": 11, "price_us": "8.40", "condiments": [], "toppings": [28, 30, 27, 23, 32, 31]}}, {"model": "menu.setmenu", "pk": 3, "fields": {"name": "Vegetarian Frito Dog", "hotdog": 6, "bun": 7, "price_us": "6.40", "condiments": [], "toppings": [30, 27, 23, 32, 31, 29]}}, {"model": "menu.setmenu", "pk": 4, "fields": {"name": "Vegetarian Frito Dog (Gluten Free)", "hotdog": 6, "bun": 11, "price_us": "8.40", "condiments": [], "toppings": [30, 27, 23, 32, 31, 29]}}, {"model": "menu.setmenu", "pk": 5, "fields": {"name": "Tattooed Lady", "hotdog": 10, "bun": 7, "price_us": "6.40", "condiments": [19, 11, 15], "toppings": [33, 42]}}, {"model": "menu.setmenu", "pk": 6, "fields": {"name": "Chicago Dog", "hotdog": 10, "bun": 8, "price_us": "6.00", "condiments": [11], "toppings": [23, 22, 34, 43, 31]}}, {"model": "menu.setmenu", "pk": 7, "fields": {"name": "Chicago Dog (Gluten Free)", "hotdog": 10, "bun": 11, "price_us": "8.00", "condiments": [11], "toppings": [23, 22, 34, 43, 31]}}, {"model": "menu.setmenu", "pk": 8, "fields": {"name": "Fire Eater", "hotdog": 10, "bun": 7, "price_us": "6.40", "condiments": [15, 18], "toppings": [25, 32]}}, {"model": "menu.setmenu", "pk": 9, "fields": {"name": "Fire Eater (Gluten Free)", "hotdog": 10, "bun": 11, "price_us": "8.40", "condiments": [20, 15, 18], "toppings": [44, 25, 32]}}, {"model": "menu.setmenu", "pk": 10, "fields": {"name": "Strongman", "hotdog": 10, "bun": 7, "price_us": "6.40", "condiments": [], "toppings": [47, 35, 46, 45]}}, {"model": "menu.setmenu", "pk": 11, "fields": {"name": "Strongman (Gluten Free)", "hotdog": 10, "bun": 11, "price_us": "8.40", "condiments": [], "toppings": [47, 35, 46, 45]}}, {"model": "menu.setmenu", "pk": 12, "fields": {"name": "Hawaii 505", "hotdog": 10, "bun": 7, "price_us": "6.40", "condiments": [15], "toppings": [44, 37, 36]}}, {"model": "menu.setmenu", "pk": 13, "fields": {"name": "Hawaii 505 (Gluten Free)", "hotdog": 10, "bun": 11, "price_us": "8.40", "condiments": [15], "toppings": [44, 37, 36]}}, {"model": "menu.setmenu", "pk": 14, "fields": {"name": "Human Pin Cushion", "hotdog": 10, "bun": 7, "price_us": "6.40", "condiments": [20], "toppings": [23, 48, 38, 31]}}, {"model": "menu.setmenu", "pk": 15, "fields": {"name": "Human Pin Cushion (Gluten Free)", "hotdog": 10, "bun": 11, "price_us": "8.40", "condiments": [20], "toppings": [23, 48, 38, 31]}}, {"model": "menu.setmenu", "pk": 16, "fields": {"name": "Sonoran Dog", "hotdog": 10, "bun": 7, "price_us": "6.40", "condiments": [11, 16, 15], "toppings": [33, 23, 38, 31]}}, {"model": "menu.setmenu", "pk": 17, "fields": {"name": "Sonoran Dog (Gluten Free)", "hotdog": 10, "bun": 11, "price_us": "8.40", "condiments": [11, 17, 15], "toppings": [33, 23, 38, 31]}}, {"model": "menu.setmenu", "pk": 18, "fields": {"name": "Three Ring Circus", "hotdog": 10, "bun": 7, "price_us": "6.40", "condiments": [], "toppings": [30, 24, 25, 49]}}]